Year,Camera trap site,video_name,Predator cue ,"Sound quality - Good, Poor, None",Sound delay (s),Focal individual sex,Focal individual age,Number of individuals ,Alarm calling by focal individual,Alarm calling by other individual,Presence of offspring,Other species present (list w commas),Day or night,Video duration (s),Notes (here could record anything unusual and also notes about interspecies interactions ),
2021,N11,07100008_Baboon.AVI,Lion,Good,None,F,A,1,None,None,None,NA,Day     ,30,,
2021,N11,08030104_Baboon.AVI,Lion,Good,None,J,J,1,None,None,None,NA,Day,30,,
2021,N11,07080025_Baboon.AVI,Lion,Good,None,M,A,1,None,None,None,NA,Day,30,,
2021,N11,07020003_Baboon.AVI,Hyena,Good,None,J,J,1,None,None,None,NA,Day,30,,
2021,N11,07020002_Baboon.AVI,Hyena,Good,None,F,A,1,None,None,None,NA,Day,30,,
2021,N11,06290071_Baboon.AVI,Hyena,Good,None,M,A,1,None,None,None,NA,Day,30,,
2021,N11,06290070_Baboon.AVI,Cheetah,Good,None,F,A,3,None,None,None,Reedbuck,Day,30,,
2021,N11,06270026_Baboon.AVI,Lion,Good,None,NA,A,1,None,None,None,Impala,Day,30,only tail in vid,
2021,N11,06270024_Baboon.AVI,Cheetah,Good,None,M,A,1,None,None,None,NA,Day,30,,
2021,D05,08020016_Baboon.AVI,Lion,Good,None,F,A,1,None,None,None,NA,Day,30,,
2021,D05,08070005_Baboon.AVI,Cheetah,Good,None,NA,A,1,None,None,None,NA,Day,30,,
2021,D05,08100018_BaboonNyala.AVI,Leopard,Good,None,M,A,1,None,None,None,Nyala,Day,30,,
2021,D05,08120025_Baboon.AVI,WD,Good,None,J,J,1,None,None,None,NA,Day,30,,
2021,D05,07110004_Baboon.AVI,Cheetah,Good,None,J,J,1,None,None,None,NA,Day,30,,
2021,D05,07180012_Baboon.AVI,Leopard,Good,None,J,J,1,None,None,None,NA,Day,30,,
2021,D05,07220019_Baboon.AVI,Lion,Good,None,NA,NA,2,None,None,None,NA,Day,30,,
2021,D05,07220020_Baboon.AVI,Leopard,Good ,None,M,A,1,None,None,None,NA,Day,30,,
2021,D05,08120024_Baboon_.AVI,Cheetah,Good,None,NA,A,1,None,None,None,NA,Day,30,,
2021,D09,08110010_Baboon.AVI,Cheetah,Good,None,F,A,1,None,None,None,NA,Day,30,,
2021,D09,08110011_BaboonFAR.AVI,Lion,Good,None,NA,A,1,None,None,None,NA,Day,30,,
2021,E08,07110021_Baboon.AVI,Lion,Good,None,M,A,1,None,None,None,NA,Day,30,,
2021,E08,07310009_Baboon.AVI,Lion,Good,None,J,J,1,None,None,None,NA,Day,30,,
2021,E08,08160007_Baboon.AVI,WD,Good,None,M,A,1,None,None,None,NA,Day,30,,
2021,E08,07210012_Baboon.AVI,Lion,Good,None,M,A,1,None,None,None,NA,Day,30,,
2021,E08,07260014_Baboon.AVI,Hyena,Good,None,M,A,1,None,None,None,NA,Day,30,,
2021,E08,07260015_Baboon.AVI,WD,Good,None,J,J,2,None,None,None,NA,Day,30,,
2021,E08,07290019_Baboon.AVI,WD,Good,None,M,A,1,None,None,None,NA,Day,30,,
2021,E02,06290025_Baboon.AVI,Control,Good,None,M,A,1,None,None,None,NA,Day,30,,
2021,E02,06290026_Baboon.AVI,Hyena,Good,None,M,A,2,None,None,None,NA,Night,15,,
2021,E02,06290027_Baboon.AVI,Hyena,Good,None,M,A,1,None,None,None,NA,Night,15,,
2021,E02,06290028_Baboon.AVI,Leopard,Good,7,F,A,2,None,None,None,NA,Night,15,,
2021,E02,06290029_Baboon.AVI,Hyena,Good,None,M,A,7,None,None,None,NA,Night,15,,
2021,E02,06290030_Baboon.AVI,Cheetah,Good,None,M,A,7,None,None,None,NA,Night,15,,
2021,E02,06290031_Baboon.AVI,Cheetah,Good,9,F,A,9,None,None,None,NA,Night,15,,
2021,E02,06290032_Baboon_NOSOUND.AVI,NA,None,None,F,A,11,None,None,None,NA,Night,15,,
2021,E02,07010033_Baboon.AVI,Leopard,None,None,M,A,3,None,None,None,NA,Day,30,,
2021,E02,06300034_Baboon.AVI,Cheetah,Good,None,F,A,1,None,None,None,NA,Day,30,,
2021,E02,06300035_Baboon.AVI,Lion,Good,None,J,J,2,None,None,None,NA,Day,30,,
2021,E02,06300036_Baboon_NOSOUND.AVI,NA,None,None,M,A,1,None,None,None,NA,Day,30,,
2021,E02,06300037_Baboon_NOSOUND.AVI,NA,None,None,M,A,2,None,None,None,NA,Day,30,,
2021,E02,06300038_Baboon.AVI,Leopard,Good,None,F,A,1,None,None,None,NA,Day,30,,
2021,E02,07010047_Baboon.AVI,Lion,Good,None,F,A,1,None,None,None,NA,Day,30,,
2021,E02,07010048_Baboon.AVI,WD,Good,None,M,A,4,None,None,None,NA,Day,30,,
2021,E02,07020006_Baboon.AVI,Cheetah,Good,None,F,A,2,None,None,None,NA,Night,15,,
2021,E02,07030008_Baboon.AVI,WD,Good,None,F,A,1,None,None,None,NA,Day,30,,
2021,E02,07030010_Baboon.AVI,Lion,Good,None,F,A,1,None,None,None,NA,Day,30,,
2021,E02,07030011_Baboon.AVI,Control,Good,None,M,A,1,None,None,None,NA,Day,30,,
2021,E02,07060035_Baboon.AVI,Cheetah,Good,None,F,A,1,None,None,None,NA,Day,30,,
2021,E02,07060037_Baboon.AVI,Hyena,Good,None,M,A,1,None,None,None,NA,Day,30,,
2021,E02,07080044_Baboon.AVI,Lion,Good,None,F,A,2,None,None,None,NA,Night,15,,
2021,E02,07220004_Baboon.AVI,Cheetah,Good,None,F,A,1,None,None,None,NA,Day,30,,
2021,E02,07220005_Baboon_NOSOUND.AVI,NA,None,None,J,J,2,None,None,None,NA,Day,30,,
2021,E02,07220006_Baboon.AVI,Hyena,Good ,None,J,J,2,None,None,None,NA,Day,30,,
2021,E02,07220007_Baboon.AVI,WD,Good,None,M,A,1,None,None,None,NA,Day,30,,
2021,E02,07220008_Baboon.AVI,Leopard,Good,None,M,A,1,None,None,None,NA,Day,30,,
2021,E02,07290058_Baboon.AVI,Control,Good,None,M,A,1,None,None,None,NA,Day ,30,,
2021,E02,07310087_Baboon.AVI,Hyena,Good,None,J,J,1,None,None,None,NA,Day,30,,
2021,E02,07310092_Baboon.AVI,Lion,Good,None,NA,NA,1,None,None,None,Impala,Day,30,just the tail,
2021,E02,08010106_Baboon.AVI,Cheetah,Good,None,M,A,1,None,None,None,NA,Day,30,,
2021,E02,08010107_Baboon.AVI,Control,Good,None,J,J,1,None,None,None,NA,Day,30,,
2021,E02,08030006_Baboon.AVI,Hyena,Good,None,J,J,1,None,None,None,NA,Day,30,,
2021,E02,08050028_Baboon.AVI,Hyena,Good,None,F,A,1,None,None,None,NA,Day,30,,
2021,E02,08080094_Baboon.AVI,Hyena,Good,None,F,A,2,None,None,None,NA,Day,30,,
2021,E02,08080095_Baboon.AVI,WD,Good,None,F,A,4,None,None,None,NA,Day,30,,
2021,E02,08080096_Baboon.AVI,Cheetah,Good,None,M,A,1,None,None,None,NA,Day,30,,
2021,E02,08090104_Baboon.AVI,WD,Good,None,M,A,1,None,None,None,NA,Day,30,,
2021,E02,07100004_Baboon.AVI,Cheetah,Good,None,F,A,1,None,None,None,NA,Day,30,,
2021,E02,07100005_Baboon.AVI,WD,Good,None,M,A,1,None,None,None,NA,Day,30,,
2021,E02,07140045_Baboon.AVI,Control,Good,None,J,J,2,None,None,None,NA,Day,30,,
2021,E02,07140046_Baboon.AVI,Cheetah,Poor,None,J,J,2,None,None,None,NA,Day,30,sound cuts out early,
2021,E02,07140047_BaboonImpala.AVI,Hyena,Good,None,F,A,1,None,None,None,Impala,Day,30,,
2021,E02,07150049_Baboon.AVI,Leopard,Good,None,F,A,1,None,None,None,NA,Day,30,,
2021,E02,07150050_Baboon.AVI,Leopard,Good,None,J,J,1,None,None,None,NA,Day,30,,
2021,E02,07160053_Baboon.AVI,Control,Good,None,F,A,2,None,None,1,NA,Day,30,,
2021,E02,07180064_Baboon.AVI,Hyena,Good,None,J,J,1,None,None,None,NA,Day,30,,
2021,E02,07180065_Baboon.AVI,Leopard,Good,None,J,J,1,None,None,None,NA,Day,30,,
2021,F01,07010007_Baboon.AVI,Control,Good,None,NA,NA,1,None,None,None,NA,Day,30,just the tail,7:40
2021,F01,07010008_Baboon.AVI,WD,Good,None,J,J,13,None,None,None,NA,Day,30,,
2021,F01,07010009_Baboon_NOSOUND.AVI,NA,None,None,M,A,18,None,None,None,NA,Day,30,,
2021,F01,07010010_Baboon_NOSOUND.AVI,NA,None,None,M,A,22,None,None,None,NA,Day,30,,
2021,F01,07010011_Baboon_NOSOUND.AVI,NA,None,None,J,J,20,None,None,None,NA,Day,30,,
2021,F01,07010012_Baboon_NOSOUND.AVI,NA,None,None,F,A,17,None,None,None,NA,Day,30,,
2021,F01,07010013_Baboon.AVI,Lion,Good,20,F,A,12,None,None,None,NA,Day,30,,
2021,F01,07010014_Baboon.AVI,Hyena,Good,None,M,A,7,None,None,None,NA,Day,30,,
2021,F01,07010015_Baboon.AVI,Cheetah,Good,None,M,A,9,None,None,None,NA,Day,30,,
2021,F01,07010016_Baboon.AVI,NA,None,None,F,A,10,None,None,None,NA,Day,30,NO SOUND,7:51
2021,F01,07010017_Baboon.AVI,Cheetah,Good ,None,F,A,7,None,None,None,NA,Day,30,,
2021,F01,07010018_Baboon.AVI,Lion,Good,None,F,A,7,None,None,None,NA,Day,30,,7:53
2021,F01,07010019_Baboon.AVI,Hyena,Good ,None,F,A,6,None,None,None,NA,Day,30,,
2021,F01,07010020_Baboon.AVI,WD,Good,None,F,A,7,None,None,None,NA,Day,30,,
2021,F01,07010021_Baboon.AVI,Lion,Good,None,M,A,6,None,None,None,NA,Day,30,,7:57
2021,F01,07010022_Baboon_NOSOUND.AVI,NA,None,None,F,A,7,None,None,None,NA,Day,30,,
2021,F01,07010023_Baboon_NOSOUND.AVI,NA,None,None,F,A,4,None,None,None,NA,Day,30,some other natural sound disturbance,
2021,F01,07010024_Baboon_NOSOUND.AVI,NA,None,None,J,J,6,None,None,None,NA,Day,30,,8:00
2021,F01,07010025_Baboon.AVI,Cheetah,Good,None,F,A,8,None,None,None,NA,Day,30,,
2021,F01,07010026_Baboon.AVI,Leopard,Good,None,F,A,11,None,None,None,NA,Day,30,,
2021,F01,07010027_Baboon.AVI,Lion,Good,None,M,A,14,None,None,None,NA,Day,30,,
2021,F01,07010028_Baboon.AVI,Lion,Poor,None,F,A,4,None,None,None,NA,Day,30,sound cut off,8;21 - most of troop has moved through now
2021,F01,07010029_Baboon.AVI,Control,Good,None,M,A,7,None,None,None,NA,Day,30,,
2021,F01,07010030_Baboon.AVI,Leopard,Poor,None,NA,NA,7,None,None,1,NA,Day,30,"sound cutt off, individual that triggered was occluded",8:28
2021,F01,07010031_Baboon.AVI,WD,Good,None,F,A,6,None,None,None,NA,Day,30,,
2021,F01,07010032_Baboon.AVI,WD,Good,None,M,A,3,None,None,None,NA,Day,30,,8:35 - no longer a big troop
2021,F01,0701003_Baboon.AVI,Leopard,Good,None,M,A,5,None,None,None,NA,Day,30,,
2021,F01,07010034_Baboon.AVI,Control,Good,None,F,A,6,None,None,None,Waterbuck,Day,30,,
2021,F01,07010038_Baboon.AVI,Control ,Poor,None,M,A,15,None,None,None,NA,Day,30,sound cut off,
2021,F01,07010039_Baboon.AVI,Cheetah,Good,None,F,A,11,None,None,None,NA,Day,30,,
2021,F01,07010040_Baboon.AVI,Cheetah,Poor,None,M,A,14,None,None,None,NA,Day,30,sound cut off,
2021,F01,07010041_Baboon.AVI,NA,None,None,NA,NA,7,None,None,None,NA,Day,30,,
2021,F01,07010042_Baboon.AVI,Hyena,Good,None,F,A,14,None,None,None,NA,Day,30,,
2021,F01,07010043_Baboon.AVI,Lion,Good,None,NA,NA,7,None,None,None,NA,Day,30,focal ind was occluded in grass,
2021,F01,07010044_Baboon.AVI,Hyena,Good,None,M,A,8,None,None,None,NA,Day,30,,
2021,F01,07050005_Baboon.AVI,Leopard,Good,None,M,A,6,None,None,None,NA,Day,30,,
2021,F01,07050006_Baboon.AVI,Control,Good,None,F,A,9,None,None,None,NA,Day,30,,
2021,F01,07080008_Baboon.AVI,WD,Good,None,M,A,1,None,None,None,NA,Day,30,,
2021,F01,07180004_Baboon.AVI,Cheetah,Good,None,NA,NA,8,None,None,None,NA,Day,30,focal ind was occluded in grass,
2021,F01,07180005_Baboon.AVI,Hyena,Good,None,M,A,6,None,None,None,NA,Day,30,,
2021,F01,07180006_Baboon.AVI,Cheetah,Good,None,F,A,5,None,None,None,NA,Day,30,,
2021,F01,07220014_Baboon.AVI,Cheetah,Good,None,M,A,3,None,None,None,NA,Day,30,,
2021,F01,07010033_Baboon.AVI,Leopard,Good,None,M,A,2,None,None,None,NA,Day,30,,
2021,F01,08030017_Baboon.AVI,Cheetah,Good,None,M,A,1,None,None,None,NA,Day,30,,
2021,F03,06280025_Baboon.AVI,Leopard,Good,None,F,A,1,None,None,None,NA,Day,30,,
2021,G06,01020018_Baboon.AVI,WD,Good,None,M,A,1,None,None,None,NA,Day,30,,
2021,G06,01020019_Baboon.AVI,Leopard,Good,None,M,A,1,None,None,None,NA,Day,30,,
2021,G06,01030021_Baboon.AVI,Leopard,Good,None,M,A,1,None,None,None,NA,Day,30,,
2021,G06,01030022_Baboon.AVI,Control,Good,None,F,A,1,None,None,None,NA,Day,30,,
2021,G06,01030023_Baboon.AVI,Hyena,Good,None,F,A,2,None,None,1,NA,Day,30,,
2021,G06,01030024_Baboon.AVI,Cheetah,Good,None,M,A,1,None,None,None,NA,Day,30,,
2021,G06,01030025_Baboon.AVI,Leopard,Good,None,F,A,1,None,None,None,NA,Day,30,,
2021,G06,01030026_Baboon.AVI,Lion,Good,None,M,A,1,None,None,None,NA,Day,30,,
2021,G06,01030027_Baboon.AVI,Cheetah,Good,None,M,A,1,None,None,None,NA,Day,30,,
2021,G06,01030028_Baboon.AVI,WD,Good,None,F,A,1,None,None,None,NA,Day,30,,
2021,G06,01030029_Baboon.AVI,NA,None,None,M,A,2,None,None,None,NA,Day,30,,
2021,G06,01040033_Baboon.AVI,Lion,Good,None,M,A,1,None,None,None,NA,Day,30,,
2021,G06,01040034_Baboon.AVI,Lion,Good,None,F,A,1,None,None,None,NA,Day,30,,
2021,G06,01040035_Baboon.AVI,WD,Good,None,M,A,1,None,None,None,NA,Day,30,,
2021,G06,01050037_Baboon.AVI,WD,Good,None,M,A,1,None,None,None,NA,Day,30,,
2021,G06,01050038_Baboon.AVI,Leopard,Good,None,M,A,1,None,None,None,NA,Day,30,,
2021,G06,01050039_Baboon_NOSOUND.AVI,Control,Good,None,F,A,1,None,None,None,NA,Day,30,in name says no sound but there is a bird control sound,
2021,G06,01070045_Baboon.AVI,Hyena,Good,None,M,A,1,None,None,None,NA,Day,30,,
2021,G06,01090003_Baboon.AVI,Cheetah,Good,None,M,A,1,None,None,None,NA,Day,30,,
2021,G06,01090004_Baboon.AVI,Leopard,Good,None,M,A,1,None,None,None,NA,Day,30,,
2021,G06,01110008_Baboon.AVI,Hyena,Good,None,F,A,1,None,None,None,NA,Day,30,,
2021,G06,01130012_Baboon.AVI,Lion,Good,None,F,A,1,None,None,None,NA,Day,30,,
2021,G06,01130013_Baboon.AVI,Lion,Good,None,M,A,1,None,None,None,NA,Day,30,,
2021,G06,01130014_Baboon.AVI,WD,Good,None,M,A,1,None,None,None,NA,Day,30,,
2021,G06,01130015_Baboon.AVI,Cheetah,Good,None,NA,NA,1,None,None,None,NA,Day,30,,
2021,G06,01130016_Baboon.AVI,WD,Good,None,F,A,1,None,None,None,NA,Day,30,,
2021,G06,01130017_Baboon_NOSOUND.AVI,Control,Good,5,M,A,4,None,None,None,NA,Day,30,,
2021,G06,01130018_Baboon.AVI,Cheetah,Good,None,M,A,3,None,None,None,NA,Day,30,,
2021,G06,01130019_Baboon.AVI,WD,Good,None,F,A,4,None,None,None,NA,Day,30,,
2021,G06,01130020_Baboon_NOSOUND.AVI,NA,None,None,M,A,5,None,None,None,NA,Day,30,,
2021,G06,01130021_Baboon_NOSOUND.AVI,NA,None,None,J,J,3,None,None,None,NA,Day,30,,
2021,G06,01130022_Baboon.AVI,Leopard,None,None,F,A,1,None,None,None,NA,Day,30,,
2021,G06,01130023_Baboon.AVI,NA,Poor,None,J,J,4,None,None,None,NA,Day,30,,
2021,G06,01140025_Baboon.AVI,Cheetah,Good,None,F,A,1,None,None,None,NA,Day,30,,
2021,G06,01140026_Baboon.AVI,WD,Good,None,F,A,1,None,None,None,NA,Day,30,,
2021,G06,01140027_Baboon.AVI,Leopard,Good,None,F,A,1,None,None,None,NA,Day,30,,
2021,G06,01140028_Baboon.AVI,Leopard,Good,None,J,J,4,None,None,None,NA,Day,30,,
2021,G06,01140029_Baboon.AVI,Leopard,Good,None,F,A,1,None,None,None,NA,Day,30,,
2021,G06,01140033_Baboon.AVI,Leopard,Good,None,F,A,1,None,None,None,NA,Day,30,,
2021,G06,01140034_Baboon.AVI,NA,Poor,None,M,A,2,None,None,None,NA,Day,30,sound cut off,
2021,G06,01140035_Baboon.AVI,Cheetah,Good,None,J,J,1,None,None,None,NA,Day,30,,
2021,G06,01140036_Baboon.AVI,WD,Good,None,M,A,1,None,None,None,NA,Day,30,,
2021,G06,01150038_Baboon.AVI,Hyena,Good,None,M,A,1,None,None,None,NA,Day,30,,
2021,G06,01150039_Baboon_NOSOUND.AVI,NA,None,None,F,A,3,None,None,1,NA,Day,30,,
2021,G06,01150040_Baboon.AVI,Control,Good,None,F,A,1,None,None,None,NA,Day,30,,
2021,G06,07220003_Baboon.AVI,Control,Good,None,F,A,1,None,None,None,NA,Day,30,,
2021,G06,07240008_Baboon.AVI,WD,Good,None,M,A,1,None,None,None,NA,Day,30,,
2021,G06,07240009_Baboon.AVI,Leopard,Good,None,M,A,1,None,None,None,NA,Day,30,,
2021,G06,07250011_Baboon.AVI,Cheetah,Good,None,F,A,2,None,None,None,NA,Day,30,,
2021,G06,07250012_Baboon.AVI,WD,Good,None,F,A,2,None,None,None,NA,Day,30,,
2021,G06,07270020_Baboon.AVI,Leopard,Good,None,F,A,1,None,None,None,NA,Day,30,,
2021,G06,07280021_Baboon.AVI,Leopard,Good,None,J,J,1,None,None,None,NA,Day,30,,
2021,G06,07280022_Baboon.AVI,Leopard,Good,None,J,J,1,None,None,None,NA,Day,30,,
2021,G06,07280023_Baboon.AVI,Control,Good,None,J,J,1,None,None,None,NA,Day,30,,
2021,G06,07280024_Baboon.AVI,Hyena,Good,None,M,A,2,None,None,None,NA,Day,30,,
2021,G06,08010032_Baboon.AVI,Control,Good,None,M,A,2,None,None,1,NA,Day,30,,
2021,G06,08010033_Baboon_NOSOUND.AVI,NA,None,None,J,J,1,None,None,None,NA,Day,30,,
2021,G06,08010034_Baboon.AVI,WD,Good,24,J,J,5,None,None,None,NA,Day,30,,
2021,G06,08040009_Baboon.AVI,Control,Good,None,M,A,1,None,None,None,NA,Day,30,,
2021,G06,08060020_Baboon.AVI,Leopard,Good,None,M,A,1,None,None,None,NA,Day,30,,
2021,G06,08060021_Baboon.AVI,Control,Good,None,M,A,1,None,None,None,NA,Day,30,,
2021,G06,08060022_Baboon.AVI,Hyena,Good,None,M,A,1,None,None,None,NA,Day,30,,
2021,G06,08060023_Baboon.AVI,Cheetah,Good,None,J,J,1,None,None,None,NA,Day,30,,
2021,G06,08070028_Baboon.AVI,Hyena,Good,None,M,A,1,None,None,None,NA,Day,30,,
2021,G06,08070027_Baboon.AVI,WD,Good,None,F,A,1,None,None,None,NA,Day,30,,
2021,G06,08070026_Baboon.AVI,Hyena,Good,None,M,A,1,None,None,None,NA,Day,30,,
2021,G06,08090032_Baboon.AVI,Lion,Good,None,F,A,1,None,None,None,NA,Day,30,,
2021,G06,08090033_Baboon.AVI,Lion,Good,None,M,A,1,None,None,None,NA,Day,30,,
2021,G06,08090034_Baboon.AVI,WD,Good,None,J,J,1,None,None,None,NA,Day,30,,
2021,G06,08090035_Baboon.AVI,Cheetah,Good,None,J,J,1,None,None,None,NA,Day,30,,
2021,G06,08100038_Baboon_NOSOUND.AVI,Control,Good,None,F,A,1,None,None,None,NA,Day,30,,
2021,G06,08100039_Baboon.AVI,Cheetah,Good,None,F,A,1,None,None,None,NA,Day,30,,
2021,G06,08100040_Baboon.AVI,WD,Good,None,M,A,1,None,None,None,NA,Day,30,,
2021,G06,08130049_Baboon.AVI,Leopard,Good,None,J,J,1,None,None,None,NA,Day,30,,
2021,G06,08130050_Baboon.AVI,Leopard,Good,None,F,A,2,None,None,1,NA,Day,30,,
2021,G06,08140054_Baboon.AVI,Leo[ard,Good,None,J,J,1,None,None,None,NA,Day,30,,
2021,G06,08140055_Baboon.AVI,Lion,Good,None,F,A,3,None,None,1,NA,Day,30,,
2021,G06,08140056_Baboon.AVI,Cheetah,Good,None,F,A,2,None,None,None,NA,Day,30,,
2021,G06,08140058_Baboon.AVI,Hyena,Good,None,F,A,2,None,None,1,NA,Day,30,,
2021,G06,08160063_Baboon.AVI,Lion,Good,None,F,A,2,None,None,1,NA,Day,30,,
2021,G06,08160064_Baboon.AVI,WD,Good ,None,M,A,1,None,None,None,NA,Day,30,,
2021,G06,01190005_Baboon.AVI,Cheetah,Good,None,M,A,1,None,None,None,NA,Day,30,,
2021,G06,01190006_Baboon.AVI,WD,Good,None,NA,NA,1,None,None,None,NA,Day,30,,
2021,G06,01190007_Baboon_NOSOUND.AVI,NA,None,None,F,A,2,None,None,None,NA,Day,30,,
2021,G06,01190008_Baboon.AVI,Leopard,None,None,J,J,1,None,None,None,NA,Day,30,,
2021,G06,01230013_BaboonImpala.AVI,Leopard,Good,None,F,A,2,None,None,1,Impala,Day,30,,
2021,G06,01240017_Baboon.AVI,Hyena,Good,None,F,A,1,None,None,None,NA,Day,30,,
2021,G06,01280032_Baboon_NOSOUND.AVI,Control,Good,None,M,A,1,None,None,None,NA,Day,30,,
2021,G06,01290033_Baboon.AVI,Cheetah,Good,None,J,J,1,None,None,None,NA,Day,30,,
2021,G06,01310036_Baboon.AVI,Control,Good,None,F,A,1,None,None,None,NA,Day,30,,
2021,J13,06300013_Baboon.AVI,Lion,Good,None,J,J,2,None,None,None,NA,Day,30,,
2021,J13,06300015_Baboon.AVI,Leopard,Good,None,M,A,1,None,None,None,Waterbuck,Day,30,,
2021,J13,06300017_Baboon.AVI,Hyena,Good,None,M,A,1,None,None,None,NA,Day,30,,
2021,J13,06300018_Baboon.AVI,Lion,Good,None,J,J,1,None,None,None,NA,Day,30,,
2021,J13,07020046_Baboon.AVI,Lion,Good,None,F,A,1,None,None,None,NA,Day,30,,
2021,J13,07030057_Baboon.AVI,WD,Good,None,M,A,1,None,None,None,NA,Day,30,10:57,
2021,J13,07030058_Baboon.AVI,WD,Good,None,M,A,1,None,None,None,NA,Day,30,,
2021,J13,07030059_Baboon.AVI,Lion,Poor,None,J,J,1,None,None,None,NA,Day,30,cut off ,
2021,J13,07030060_Baboon.AVI,NA,None,None,M,A,8,None,None,None,NA,Day,30,,
2021,J13,07030061_Baboon.AVI,WD,Good,14,J,J,9,None,None,None,NA,Day,30,,
2021,J13,07030062_Baboon.AVI,Leopard,Good,None,F,A,9,None,None,None,NA,Day,30,,
2021,J13,07030063_Baboon.AVI,Hyena,Good,None,J,J,6,None,None,None,NA,Day,30,,
2021,J13,07030064_Baboon_NOSOUND.AVI,NA,None,None,J,J,10,None,None,None,NA,Day,30,,
2021,J13,07030065_Baboon.AVI,NA,None,None,F,A,13,None,None,None,NA,Day,30,11:08,
2021,J13,07030066_Baboon.AVI,Control,Good,None,F,A,7,None,None,None,NA,Day,30,,
2021,J13,07030067_Baboon.AVI,Cheetah,Good,None,J,J,3,None,None,None,NA,Day,30,,
2021,J13,07030068_Baboon.AVI,Control,Good,None,J,J,12,None,None,None,NA,Day,30,11:11,
2021,J13,07030069_Baboon.AVI,Lion,Good,None,F,A,7,None,None,1,NA,Day,30,,
2021,J13,07030070_Baboon.AVI,Leopard,Good,None,F,A,5,None,None,None,NA,Day,30,,
2021,J13,07030071_Baboon.AVI,NA,None,None,F,A,2,None,None,1,NA,Day,30,,
2021,J13,07030072_Baboon.AVI,WD,Good,None,J,J,1,None,None,None,NA,Day,30,,
2021,J13,07030073_Baboon.AVI,Hyena,Good,None,J,J,2,None,None,None,NA,Day,30,,
2021,J13,07030074_Baboon_NOSOUND.AVI,NA,None,None,F,A,3,None,None,2,NA,Day,30,,
2021,J13,07030075_Baboon_NOSOUND.AVI,Control,Good,23,F,A,4,None,None,None,NA,Day,30,,
2021,J13,07030076_Baboon.AVI,Leopard,Good,None,J,J,1,None,None,None,NA,Day,30,,
2021,J13,07030077_Baboon.AVI,Cheetah,Good,None,J,J,1,None,None,None,NA,Day,30,,
2021,J13,07030078_Baboon.AVI,Hyena,Good,None,J,J,2,None,None,None,NA,Day,30,,
2021,J13,07030079_Baboon.AVI,Lion,Good,None,F,A,1,None,None,None,NA,Day,30,,
2021,J13,07030080_Baboon.AVI,Leopard,Good,None,F,A,2,None,None,None,NA,Day,30,11:44,
2021,J13,07040082_Baboon.AVI,Cheetah,Good,None,M,A,1,None,None,None,NA,Day,30,,
2021,J13,07040084_Baboon.AVI,WD,Good,None,M,A,4,None,None,1,NA,Day,30,12:48,
2021,J13,07040085_Baboon.AVI,NA,None,None,F,A,10,None,None,1,NA,Day,30,,
2021,J13,07040086_Baboon.AVI,NA,None,None,F,A,8,None,None,None,NA,Day,30,,
2021,J13,07040087_Baboon_NOSOUND.AVI,Cheetah,Good,13,J,J,6,None,None,None,NA,Day,30,,
2021,J13,07040088_Baboon_NOSOUND.AVI,WD,Good,27,F,A,3,None,None,None,NA,Day,30,,
2021,J13,07040089_Baboon_NOSOUND.AVI,NA,None,None,F,A,3,None,None,None,NA,Day,30,,
2021,J13,07040090_Baboon.AVI,NA,None,None,F,A,4,None,None,None,NA,Day,30,,
2021,J13,07040091_Baboon_NOSOUND.AVI,NA,None,None,F,A,3,None,None,None,NA,Day,30,,
2021,J13,07080120_Baboon.AVI,Hyena,Good,None,F,A,1,None,None,None,NA,Day,30,,
2021,J13,07080121_Baboon.AVI,WD,Good,None,F,A,2,None,None,None,NA,Day,30,,
2021,J13,07080122_Baboon.AVI,Cheetah,Good,None,M,A,5,None,None,None,NA,Day,30,,
2021,J13,07080124_Baboon.AVI,Control,Good,None,F,A,2,None,None,None,NA,Day,30,,
2021,J13,07080125_Baboon.AVI,Cheetah,Good,None,M,A,1,None,None,None,NA,Day,30,,
2021,J13,07080126_Baboon.AVI,Control,Good,None,M,A,1,None,None,None,NA,Day,30,,
2021,J13,07080127_Baboon.AVI,Lion,Good,None,F,A,4,None,None,None,NA,Day,30,,
2021,J13,07080128_Baboon.AVI,Leopard,Good,None,J,J,1,None,None,None,NA,Day,30,,
2021,J13,07080129_Baboon.AVI,Leopard,Good,None,M,A,1,None,None,None,NA,Day,30,,
2021,J13,07080130_Baboon.AVI,WD,Good,None,M,A,1,None,None,None,NA,Day,30,,
2021,J13,0708131_Baboon.AVI,Hyena,Good,None,M,A,1,None,None,None,NA,Day,30,,
2021,J13,07080132_Baboon.AVI,Lion,Good,None,M,A,1,None,None,None,NA,Day,30,,
2021,J13,07080133_Baboon_NOSOUND.AVI,NA,None,None,F,A,6,None,None,None,NA,Day,30,,
2021,J13,07080134_Baboon_NOSOUND.AVI,NA,None,None,J,J,3,None,None,None,NA,Day,30,,
2021,J13,07080135_Baboon.AVI,Cheetah,Good,None,F,A,2,None,None,None,NA,Day,30,,
2021,J13,07080136_Baboon.AVI,Hyena,Good,None,F,A,1,None,None,None,NA,Day,30,,
2021,J13,07080137_Baboon.AVI,Lion,Good,None,M,A,1,None,None,None,NA,Day,30,,
2021,J13,07080003_Baboon.AVI,Cheetah,Good,None,M,A,1,None,None,None,NA,Day,30,,
2021,J13,07080004_Baboon.AVI,Cheetah,Good,None,M,A,1,None,None,None,NA,Day,30,,
2021,J13,07080005_Baboon.AVI,WD,Good,None,J,J,1,None,None,None,NA,Day,30,,
2021,J13,07080006_Baboon.AVI,Lion,Good,None,M,A,1,None,None,None,NA,Day,30,,
2021,J13,07080007_Baboon.AVI,Hyena,Good,None,F,A,1,None,None,None,NA,Day,30,,
2021,J13,07080008_Baboon.AVI,WD,Good,None,F,A,1,None,None,None,NA,Day,30,,
2021,J13,07080009_Baboon.AVI,Cheetah,Good,None,F,A,3,None,None,None,NA,Day,30,,
2021,J13,07080010_Baboon.AVI,Control,Good,None,F,A,1,None,None,None,NA,Day,30,,
2021,J13,07080011_Baboon.AVI,Control,Good,None,J,J,2,None,None,None,NA,Day,30,,
2021,J13,07080012_Baboon.AVI,Cheetah,Good,None,J,J,3,None,None,None,NA,Day,30,,
2021,J13,07080013_Baboon.AVI,Control,Good,None,J,J,1,None,None,None,NA,Day,30,,
2021,J13,07090019_Baboon.AVI,Hyena,Good,None,J,J,1,None,None,None,NA,Day,30,,
2021,J13,07090020_Baboon.AVI,Control,Good,None,F,A,1,None,None,None,NA,Day,30,,
2021,J13,07090021_Baboon.AVI,Leopard,Good,None,F,A,1,None,None,None,NA,Day,30,,
2021,J13,07090024_Baboon.AVI,Leopard,Good,None,F,A,1,None,None,None,NA,Day,30,,
2021,J13,07090025_Baboon.AVI,Hyena,Good,None,F,A,2,None,None,None,NA,Day,30,,
2021,J13,07090026_Baboon_NOSOUND.AVI,NA,None,None,F,A,1,None,None,None,NA,Day,30,,
2021,J13,07090027_Baboon.AVI,Leopard,Good,None,J,J,1,None,None,None,NA,Day,30,,
2021,J13,07090028_Baboon.AVI,WD,Good,None,F,A,1,None,None,None,NA,Day,30,,
2021,J13,07090029_Baboon.AVI,WD,Good,None,F,A,1,None,None,None,NA,Day,30,,
2021,J13,07090030_Baboon.AVI,Lion,Good,None,F,A,1,None,None,None,NA,Day,30,,
2021,J13,07110018_Baboon.AVI,Hyena,Good,None,F,A,1,None,None,None,NA,Day,30,,
2021,J13,07110019_Baboon.AVI,Lion,Good,None,M,A,1,None,None,None,NA,Day,30,,
2021,J13,07110020_Baboon.AVI,Hyena,Good,None,J,J,1,None,None,None,NA,Day,30,,
2021,J13,07110021_Baboon.AVI,Control,Good,None,F,A,1,None,None,None,NA,Day,30,,
2021,J13,07110022_Baboon.AVI,Leopard,Good,None,J,J,3,None,None,None,NA,Day,30,,
2021,J13,07120032_Baboon.AVI,Leopard,Good,None,M,A,1,None,None,None,NA,Day,30,,
2021,J13,07120033_Baboon.AVI,Cheetah,Good,None,M,A,1,None,None,None,NA,Day,30,,
2021,J13,07120037_Baboon.AVI,WD,Good,None,J,J,1,None,None,None,NA,Day,30,,
2021,J13,07120038_Baboon.AVI,Cheetah,Good,None,M,A,1,None,None,None,NA,Day,30,,
2021,J13,07120039_Baboon.AVI,Control,Good,None,J,J,1,None,None,None,NA,Day,30,,
2021,J13,07120040_Baboon.AVI,Control,Good,None,J,J,1,None,None,None,NA,Day,30,,
2021,J13,07120041_Baboon.AVI,Cheetah,Good,None,M,A,1,None,None,None,NA,Day,30,,
2021,J13,07130042_Baboon.AVI,Control,Good,None,F,A,1,None,None,None,NA,Day,30,,
2021,J13,07130046_Baboon.AVI,WD,Good,None,J,J,1,None,None,None,NA,Day,30,,
2021,J13,07140057_Baboon.AVI,Cheetah,Good,None,J,J,1,None,None,None,NA,Day,30,,
2021,J13,07140058_Baboon.AVI,Leopard,Good,None,F,A,1,None,None,None,NA,Day,30,,
2021,J13,07140059_Baboon.AVI,WD,Good,None,J,J,1,None,None,None,NA,Day,30,,
2021,J13,07140060_Baboon.AVI,WD,Good,None,F,A,2,None,None,1,NA,Day,30,,
2021,J13,07140061_Baboon.AVI,Lion,Good,None,J,J,1,None,None,None,Waterbuck,Day,30,,
2021,J13,07140063_Baboon.AVI,Cheetah,Good ,None,M,A,1,None,None,None,Waterbuck,Day,30,,
2021,J13,07140064_Baboon.AVI,WD,Good,None,M,A,1,None,None,None,NA,Day,30,,
2021,J13,07110018_Baboon.AVI,Hyena,Good,None,F,A,1,None,None,None,NA,Day,30,,
2021,J13,07110019_Baboon.AVI,Lion,Good,None,M,A,1,None,None,None,NA,Day,30,,
2021,J13,07110020_Baboon.AVI,Hyena,Good,None,J,J,1,None,None,None,NA,Day,30,,
2021,J13,07110021_Baboon.AVI,Control,Good,None,F,A,1,None,None,None,NA,Day,30,,
2021,J13,07110022_Baboon.AVI,Leopard,Good,None,J,J,2,None,None,None,NA,Day,30,,
2021,J13,07100030_Baboon.AVI,Lion,Good,None,F,A,1,None,None,None,NA,Day,30,,
2021,J13,07100031_Baboon.AVI,Cheeetah,Good,None,M,A,1,None,None,None,NA,Day,30,,
2021,J13,07100033_Baboon.AVI,WD,Good,None,F,A,1,None,None,None,NA,Day,30,,
2021,J13,07100034_Baboon.AVI,Leopard,Good,None,F,A,1,None,None,None,NA,Day,30,,
2021,J13,07100035_Baboon.AVI,Hyena,Good,None,F,A,1,None,None,None,NA,Day,30,,
2021,J13,07100036_Baboon.AVI,WD,Good,None,F,A,1,None,None,None,NA,Day,30,,
2021,J13,07100037_Baboon.AVI,Cheetah,Good,None,F,A,1,None,None,None,NA,Day,30,,
2021,J13,07120032_Baboon.AVI,Cheetah,Good,None,M,A,1,None,None,None,NA,Day,30,,
2021,J13,07120033_Baboon.AVI,Cheetah,Good,None,M,A,1,None,None,None,NA,Day,30,,
2021,J13,07120037_Baboon.AVI,WD,Good,None,J,J,1,None,None,None,NA,Day,30,,
2021,J13,07120038_Baboon.AVI,Cheetah,Good,None,M,A,1,None,None,None,NA,Day,30,,
2021,J13,07120039_Baboon.AVI,Control,Good,None,J,J,1,None,None,None,NA,Day,30,,
2021,J13,07120040_Baboon.AVI,Control,Good,None,J,J,1,None,None,None,NA,Day,30,,
2021,J13,07120041_Baboon.AVI,Cheetah,Good,None,NA,NA,1,None,None,None,NA,Day,30,,
2021,J13,07130042_Baboon.AVi,Control,Good,None,F,A,1,None,None,None,NA,Day,30,,
2021,J13,07130046_Baboon.AVI,WD,Good,None,J,J,1,None,None,None,NA,Day,30,,
2021,J13,07130058_Baboon.AVI,WD,Good,None,J,J,2,None,None,None,NA,Day,30,,
2021,J13,07130059_Baboon.AVI,WD,Good,None,J,J,1,None,None,None,NA,Day,30,,
2021,J13,07130060_Baboon.AVI,Lion,Good,None,J,J,1,None,None,None,NA,Day,30,,
2021,J13,07130061_Baboon.AVI,Cheetah,Good,None,J,J,1,None,None,None,NA,Day,30,,
2021,J13,07130062_Baboon.AVI,Cheetah,Good,None,F,A,1,None,None,None,NA,Day,30,,
2021,J13,07130063_Baboon.AVI,WD,Good,None,J,J,1,None,None,None,NA,Day,30,,
2021,J13,07130064_Baboon.AVI,Leopard,Good,None,F,A,3,None,None,None,NA,Day,30,,
2021,J13,07130065_Baboon.AVI,Hyena,Good,None,F,A,2,None,None,None,NA,Day,30,,
2021,J13,07130066_Baboon.AVI,WD,Good,None,F,A,1,None,None,None,NA,Day,30,,
2021,J13,07130067_Baboon.AVI,Cheetah,Good,None,F,A,2,None,None,1,NA,Day,30,,
2021,J13,07140065_Baboon.AVI,Leopard,Good,None,M,A,3,None,None,None,NA,Day,30,,
2021,J13,07140066_Baboon.AVI,Hyena,Good,None,J,J,1,None,None,None,NA,Day,30,,
2021,J13,07140067_Baboon.AVI,WD,Good,None,F,A,1,None,None,None,NA,Day,30,,
2021,J13,07140077_Baboon.AVI,Lion,Good,None,M,A,1,None,None,None,NA,Day,30,,
2021,J13,07140079_Baboon.AVI,Control,Good,None,M,A,1,None,None,None,NA,Day,30,,
2021,J13,07140081_Baboon.AVI,Cheetah,Good,None,F,A,2,None,None,None,NA,Day,30,,
2021,J13,07140082_Baboon.AVI,Hyena,Good,None,F,A,1,None,None,None,NA,Day,30,,
2021,J13,07140083_Baboon.AVI,Hyena,Good,None,F,A,2,None,None,1,NA,Day,30,,
2021,J13,07140084_Baboon.AVI,Leopard,Good,None,M,A,1,None,None,None,NA,Day,30,,
2021,J13,08150141_Baboon.AVI,Cheetah,Good,None,NA,NA,1,None,None,None,NA,Day,30,,
2021,J13,07150089_Baboon.AVI,WD,Good,None,M,A,1,None,None,None,NA,Day,30,,
2021,J13,07150090_Baboon.AVI,Lion,Good,None,M,A,1,None,None,None,NA,Day,30,,
2021,J13,07160096_Baboon.AVI,WD,Good,None,J,J,1,None,None,None,NA,Day,30,,
2021,J13,07190123_Baboon.AVI,WD,Good,None,J,J,1,None,None,None,NA,Day,30,,
2021,J13,07190124_Baboon.AVI,Leopard,Good,None,F,A,1,None,None,None,NA,Day,30,,
2021,J13,07190125_Baboon.AVI,Hyena,Good,None,F,A,1,None,None,None,NA,Day,30,,
2021,J13,07190126_Baboon.AVI,WD,Good,None,M,A,1,None,None,None,NA,Day,30,,
2021,J13,07190127_Baboon.AVI,Cheetah,Good,None,F,A,1,None,None,None,NA,Day,30,,
2021,J13,07190128_Baboon.AVI,Control,Good,None,J,J,1,None,None,None,NA,Day,30,,
2021,J13,07190129_Baboon.AVI,Control,Good,None,M,A,1,None,None,None,NA,Day,30,,
2021,J13,07190130_Baboon.AVI,Cheetah,Good,None,F,A,1,None,None,None,NA,Day,30,,
2021,J13,07190131_Baboon.AVI,Control,Good,None,F,A,2,None,None,None,NA,Day,30,,
2021,J13,07190132_Baboon.AVI,Lion,Good,None,J,J,1,None,None,None,NA,Day,30,,
2021,J13,07190133_Baboon.AVI,Leopard,Good,None,F,A,1,None,None,None,NA,Day,30,,
2021,J13,07190134_Baboon.AVI,Lion,Good,None,F,A,5,None,None,1,NA,Day,30,,
2021,J13,07190135_Baboon.AVI,WD,Good,None,F,A,2,None,None,2,NA,Day,30,,
2021,J13,07190136_Baboon.AVI,Hyena,Good,None,F,A,1,None,None,None,NA,Day,30,,
2021,G08,06280013_Baboon.AVI,Cheetah,Good,None,F,A,1,None,None,None,NA,Day,30,,
2021,G08,06280014_Baboon,Hyena,Good,None,NA,NA,1,None,None,None,NA,Day,30,just the tail,
2021,G08,06280015_Baboon.AVI,Cheetah,Good,None,J,J,1,None,None,None,NA,Day,30,,
2021,G08,06280016_Baboon.AVI,Cheetah,Good,None,NA,NA,1,None,None,None,NA,Day,30,,
2021,G08,06280018_Baboon.AVI,Leopard,Good,None,M,A,1,None,None,None,NA,Night,15,,
2021,G08,06280019_Baboon.AVI,Cheetah,Good,None,F,A,1,None,None,None,NA,Night ,15,,
2021,G08,06290024_Baboon.AVI,Cheetah,Poor,None,M,A,1,None,None,None,NA,Day,30,sound cut off,
2021,G08,07270005_Baboon.AVI,Hyena,Good,None,F,A,2,None,None,None,NA,Day,30,,
2021,G08,08050011_Baboon.AVI,Hyena,Good,None,J,J,5,None,None,None,NA,Day,30,,
2021,G08,07140013_Baboon.AVI,Leopard,Good,None,M,A,1,None,None,None,NA,Day,30,,
2021,G08,07150016_Baboon.AVI,Cheetah,Good,None,J,J,1,None,None,None,NA,Day,30,,
2021,G08,07150017_Baboon.AVI,Cheetah,Good,None,NA,NA,1,None,None,None,NA,Day,30,,
2021,G08,07210034_Baboon.AVI,Lion,Good,None,M,A,1,None,None,None,NA,Day,30,,
2021,G08,06280014_Baboon.AVI,Hyena,Good,None,F,A,1,None,None,None,NA,Day,30,,
2021,I06,06260016_Baboon.AVI,Control,Good,None,M,A,1,None,None,None,NA,Day,30,,
2021,I06,06270032_Baboon.AVI,WD,Good,None,M,A,1,None,None,None,NA,Day,30,,
2021,I06,06270033_Baboon.AVI,Lion,Good,None,M,A,1,None,None,None,NA,Day,30,,
2021,I06,06270034_Baboon.AVI,WD,Good,None,F,A,2,None,None,1,NA,Day,30,,
2021,I06,06270035_Baboon.AVI,WD,Good,None,M,A,1,None,None,None,NA,Day,30,,
2021,I06,06270036_Baboon.AVI,Control,Good,None,F,A,1,None,None,None,NA,Day,30,,
2021,I06,06280045_Baboon.AVI,Hyena,Good,None,M,A,5,None,None,None,NA,Day,30,,
2021,I06,06280046_Baboon_NOSOUND.AVI,NA,None,None,NA,NA,3,None,None,None,NA,Day,30,,
2021,I06,06290059_Baboon.AVI,Hyena,Good,None,F,A,2,None,None,1,NA,Day,30,,
2021,I06,06290061_Baboon.AVI,Control,Good,None,F,A,1,None,None,None,NA,Day,30,,
2021,I06,07010016_Baboon.AVI,Cheetah,Good,None,F,A,1,None,None,None,NA,Day,30,,
2021,I06,07010017_Baboon.AVI,WD,Good,None,F,A,1,None,None,None,NA,Day,30,,
2021,I06,07010018_Baboon.AVI,Control,Good,None,J,J,1,None,None,None,NA,Day,30,,
2021,I06,07010019_Baboon.AVI,WD,Good,None,M,A,1,None,None,None,NA,Day,30,,
2021,I06,07020030_Baboon.AVI,Hyena,Good,None,J,J,1,None,None,None,NA,Day,30,,
2021,I06,07070003_Baboon.AVI,Control,Good,None,F,A,1,None,None,None,NA,Day,30,,
2021,I06,07070004_Baboon.AVI,Leopard,Good,None,J,J,1,None,None,None,NA,Day,30,,
2021,I06,07090025_Baboon.AVI,Control,Good,None,J,J,2,None,None,None,NA,Day,30,,
2021,I06,07090029_Baboon.AVI,Lion,Good,None,M,A,1,None,None,None,NA,Day,30,,
2021,I06,07090031_Baboon.AVI,WD,Good,None,F,A,1,None,None,None,NA,Day,30,,
2021,I06,07110054_Baboon.AVI,Hyena,Good,None,F,A,1,None,None,None,NA,Day,30,,
2021,I06,07110055_Baboon.AVI,Control,Good,None,J,J,1,None,None,None,NA,Day,30,,
2021,I06,07130080_Baboon.AVI,Cheetah,Good,None,F,A,1,None,None,None,NA,Day,30,,
2021,I06,07130082_Baboon.AVI,Cheetah,Good,None,J,J,1,None,None,None,NA,Day,30,,
2021,I06,07130084_Baboon.AVI,Hyena,Good,None,M,A,1,None,None,None,NA,Day,30,,
2021,I06,07140089_Baboon.AVI,Lion,Good,None,F,A,1,None,None,None,NA,Day,30,,
2021,I06,07150094_Baboon.AVI,Leopard,Good,None,M,A,1,None,None,None,NA,Day,30,,
2021,I06,07160111_Baboon.AVI,Hyena,Good,None,J,J,1,None,None,None,NA,Day,30,,
2021,I06,07170115_Baboon.AVI,Control,Good,None,F,A,1,None,None,None,NA,Day,30,,
2021,I06,07170118_Baboon.AVI,WD,Good,None,M,A,1,None,None,None,NA,Day,30,,
2021,I06,07170119_Baboon.AVI,Lion,Good,None,F,A,1,None,None,None,NA,Day,30,,
2021,I06,07040055_Baboon.AVI,Cheetah,Good,None,F,A,1,None,None,None,NA,Day,30,,
2021,I06,07040052_Baboon.AVI,Control,Good,None,F,A,1,None,None,None,NA,Day,30,,
2021,I10,06270008_Baboon.AVI,Lion,Good,None,M,A,1,None,None,None,NA,Day,30,,
2021,I10,06280010_Baboon.AVI,Leopard,Good,None,F,A,1,None,None,None,NA,Day,30,,
2021,I10,07040009_Baboon.AVI,Leopard,Good,None,M,A,1,None,None,None,NA,Day,30,,
2021,I10,08110012_Baboon.AVI,Control,Good,None,J,J,1,None,None,None,NA,Day,30,,
2021,I10,07100002_Baboon.AVI,Cheetah,Good,None,M,A,1,None,None,None,NA,Day,30,,
2021,I10,07110006_Baboon.AVI,Leopard,Good,None,M,A,1,None,None,None,NA,Day,30,,
2021,I10,07150012_Baboon.AVI,Leopard,Good,None,F,A,1,None,None,None,NA,Day,30,,
2021,I10,07150013_Baboon.AVI,Cheetah,Good,None,M,A,1,None,None,None,NA,Day,30,,
2021,I10,07150014_Baboon.AVI,Leopard,Good,None,M,A,3,None,None,None,NA,Day,30,,
2021,I10,07150015_Baboon.AVI,Control,Good,None,NA,NA,2,None,None,None,NA,Day,30,,
2021,I10,07170026_Baboon.AVI,WD,Good,None,M,A,1,None,None,None,NA,Day,30,,
2021,I10,07190035_Baboon.AVI,Hyena,Good,None,M,A,1,None,None,None,NA,Day,30,,
2021,N10,07140037_Baboon.AVI,Control,Good,None,M,A,1,None,None,None,NA,Day,30,,
2021,N10,07140036_Baboon.AVI,Lion,Good,None,M,A,3,None,None,None,NA,Day,30,,
2021,N10,07140035_Baboon.AVI,Leopard,Good,None,J,J,2,None,None,None,NA,Day,30,,
2021,N10,07140034_Baboon.AVI,Lion,Good,18,J,J,3,None,None,None,NA,Day,30,,
2021,N10,07140033_Baboon_NOSOUND.AVI,NA,None,None,J,J,6,None,None,None,NA,Day,30,,
2021,N10,07140032_Baboon_NOSOUND.AVI,NA,None,None,J,J,7,None,None,None,NA,Day,30,,
2021,N10,07140031_Baboon_NOSOUND.AVI,NA,None,None,J,J,12,None,None,None,NA,Day,30,,
2021,N10,07140030_Baboon_NOSOUND.AVI,NA,None,None,M,A,13,None,None,None,NA,Day,30,,
2021,N10,07140029_Baboon.AVI,NA,None,None,J,J,10,None,None,None,NA,Day,30,,
2021,N10,07140028_Baboon.AVI,NA,Poor,None,F,A,13,None,None,None,NA,Day,30,,
2021,N10,07140027_Baboon.AVI,Cheetah,Good,None,J,J,5,None,None,None,NA,Day,30,,
2021,N10,07120007_Baboon.AVI,Leopard,Good,None,F,A,1,None,None,None,NA,Day,30,,
2021,N10,07100003_Baboon.AVI,WD,Good,None,M,A,2,None,None,None,NA,Day,30,,
2021,N10,08090034_Baboon_NOSOUND.AVI,NA,None,None,F,A,3,None,None,None,NA,Day,30,,
2021,N10,08090033_Baboon.AVI,WD,Good,None,F,A,1,None,None,None,NA,Day,30,,
2021,N10,07290041_Baboon.AVI,Cheetah,Good,None,M,A,1,None,None,None,NA,Day,30,,
2021,N10,07280035_Baboon.AVI,Cheetah,Good ,None,J,J,3,None,None,None,NA,Day,30,,
2021,N10,07240018_Baboon.AVI,WD,Good,None,M,A,1,None,None,None,NA,Day,30,,
2021,N10,07240017_Baboon.AVI,Lion,Good,None,F,A,1,None,None,None,NA,Day,30,,
2021,N10,07070033_Baboon.AVI,Cheetah,Good,None,M,A,1,None,None,None,NA,Day,30,,
2021,N10,06250012_Baboon.AVI,Leopard,Good,None,J,J,1,None,None,None,NA,Day,30,,
2021,N03,07220156_Baboon.AVI,Leopard,Good,None,J,J,1,None,None,None,NA,Day,30,,
2021,N03,07220155_Baboon.AVI,NA,None,None,J,J,2,None,None,None,NA,Day,30,,
2021,N03,07220154_Baboon.AVI,WD,Good,None,J,J,2,None,None,None,NA,Day,30,,
2021,N03,07220152_Baboon.AVI,Control,Good,None,M,A,1,None,None,None,NA,Day,30,,
2021,N03,07160114_Baboon.AVI,Control,Good,None,F,A,1,None,None,1,NA,Day,30,,
2021,N03,08010078_Baboon.AVI,Hyena,Good,None,M,A,1,None,None,None,NA,Day,30,,
2021,N03,0731007_Baboon.AVI,Hyena,Good,None,F,A,2,None,None,1,NA,Day,30,,
2021,N03,07310076_Baboon.AVI,Cheetah,Good,None,M,A,1,None,None,None,NA,Day,30,,
2021,N03,07310077_Baboon.AVI,Hyena,Good,None,F,A,2,None,None,1,NA,Day,30,,
2021,L11,07210016_Baboon.AVI,WD,Good,None,M,A,1,None,None,None,NA,Day,30,,
2021,L11,07100003_Baboon.AVI,Hyena,Good,None,F,A,1,None,None,None,NA,Day,30,,
2021,L11,07100002_Baboon.AVI,Leopard,Good,None,M,A,1,None,None,None,NA,Day,30,,
2021,L11,08110018_Baboon.AVI,Leopard,Good,None,F,A,1,None,None,None,NA,Day,30,,
2021,L11,08070004_Baboon.AVI,Leopard,Good,None,M,A,1,None,None,None,NA,Day,30,,
2021,L11,06300027_Baboon.AVI,Lion,Good,None,M,A,1,None,None,None,NA,Day,30,,
2021,L11,06300026_Baboon.AVI,Control,Good,None,M,A,1,None,None,None,NA,Day,30,,
2021,L11,06290024_Baboon.AVI,Lion,Good,None,M,A,1,None,None,None,NA,Day,30,,
2021,L11,06290023_Baboon.AVI,Cheetah,Good,None,NA,NA,1,None,None,None,NA,Day,30,,
2021,L11,06290022_Baboon.AVI,Control,Good,None,F,A,1,None,None,None,NA,Day,30,,
2021,L11,06290021_Baboon.AVI,Cheetah,Good,None,M,A,1,None,None,None,NA,Day,30,,
2021,L11,06230015_Baboon.AVI,Leopard,Good,None,F,A,1,None,None,None,NA,Day,30,,
2021,L11,06230014_Baboon.AVI,Leopard,Good,None,M,A,1,None,None,None,NA,Day,30,,
2021,L11,06230013_Baboon.AVI,WD,Good,None,M,A,1,None,None,None,NA,Day,30,,
2021,L11,06230012_Baboon.AVI,Hyena,Good,None,M,A,1,None,None,None,NA,Day,30,,
2021,L11,07140005_Baboon.AVI,WD,Good,None,M,A,1,None,None,None,NA,Day,30,,
2021,J03,01110021_Baboon.AVI,Cheetah,Good,None,F,A,1,None,None,None,NA,Day,30,,
2021,J03,01110020_Baboon.AVI,Leopard,Good,None,F,A,2,None,None,1,NA,Day,30,,
2021,J03,01100012_Baboon.AVI,WD,Good,None,NA,NA,1,None,None,None,NA,Day,30,,
2021,J03,08020303_Baboon.AVI,Cheetah,Good,None,NA,NA,1,None,None,None,NA,Day,30,,
2021,J03,07310230_Baboon.AVI,Lion,Good,None,J,J,1,None,None,None,NA,Day,30,,
2021,J03,07310229_Baboon.AVI,Cheetah,Good,None,F,A,1,None,None,None,NA,Day,30,,
2021,J03,07280156_Baboon.AVI,Leopard,Good,None,M,A,1,None,None,None,NA,Day,30,,
2021,J03,08150449_Baboon.AVI,Cheetah,Good,None,J,J,1,None,None,None,NA,Day,30,,
2021,J03,08150448_Baboon.AVI,Lion,Good,None,J,J,1,None,None,None,NA,Day,30,,
2021,J03,08150447_Baboon.AVI,WD,Good,None,M,A,2,None,None,None,NA,Day,30,,
2021,J03,08150443_Baboon.AVI,NA,Good,None,J,J,2,None,None,None,NA,Day,30,,
2021,J03,08150442_Baboon.AVI,Control,Good,19,F,A,3,None,None,None,NA,Day,30,,
2021,J03,08080101_Baboon_NOSOUND.AVI,NA,None,None,J,J,3,None,None,None,NA,Day,30,,
2021,J03,08080100_Baboon_NOSOUND.AVI,NA,None,None,J,J,3,None,None,None,NA,Day,30,,
2021,J03,08080099_Baboon.AVI,Hyena,Good,None,J,J,1,None,None,None,NA,Day,30,,
2021,J03,08080119_Baboon_NOSOUND.AVI,NA,None,None,F,A,2,None,None,None,NA,Day,30,,
2021,J03,08080118_Baboon.AVI,Control,Good,None,F,A,2,None,None,None,NA,Day,30,,
2021,J03,08040019_Baboon.AVI,Lion,Good,None,NA,NA,1,None,None,None,NA,Day,30,,
2021,J03,07170092_Baboon.AVI,Cheetah,Good,None,NA,NA,1,None,None,None,NA,Day,30,,
2021,J03,07140047_Baboon.AVI,NA,None,None,J,J,1,None,None,None,NA,Day,30,,
2021,J03,07140046_Baboon_NOSOUND.AVI,NA,None,None,J,J,2,None,None,None,NA,Day,30,,
2021,J03,07140045_Baboon.AVI,Cheetah,Good,None,J,J,2,None,None,None,NA,Day,30,,
2021,J03,07140038_Baboon.AVI,Lion,Good,None,M,A,1,None,None,None,NA,Day,30,,
2021,J03,07120022_Baboon.AVI,Control,Good ,None,M,A,1,None,None,None,NA,Day,30,,
2021,J03,07090007_Baboon.AVI,Lion,Good,None,J,J,1,None,None,None,NA,Day,30,,
2021,J03,07090006_Baboon.AVI,Cheetah,Good,None,F,A,1,None,None,None,NA,Day,30,,
2021,J03,07090005_Baboon.AVI,Leopard,Good,None,F,A,2,None,None,None,NA,Day,30,,
2021,J03,07090004_Baboon.AVI,Lion,Good,None,F,A,1,None,None,None,NA,Night,15,,
2021,J03,08100158_Baboon.AVI,Lion,Good,None,M,A,1,None,None,None,NA,Day,30,,
2021,I04,06270035_Baboon.AVI,Lion,Good,None,NA,NA,1,None,None,None,NA,Day,30,,
2021,I04,06270034_Baboon.AVI,Cheetah,Good,None,J,J,1,None,None,None,NA,Day,30,,
2021,I04,06250019_Baboon.AVI,Lion,Good,None,F,A,1,None,None,None,NA,Day,30,,
2021,I04,06240009_Baboon.AVI,Lion,Good,None,F,A,2,None,None,1,NA,Day,30,,
2021,I04,06240008_Baboon.AVI,Control,Good,None,NA,NA,1,None,None,None,NA,Day,30,,
2021,I04,07040024_Baboon.AVI,Leopard,Good,None,F,A,1,None,None,None,NA,Day,30,,
2021,I04,08030239_Baboon.AVI,NA,None,None,F,A,1,None,None,None,NA,Day,30,,
2021,I04,08030236_Baboon_NOSOUND.AVI,NA,None,None,F,A,1,None,None,None,NA,Day,30,,
2021,I04,08030235_Baboon_NOSOUND.AVI,NA,None,None,J,J,1,None,None,None,NA,Day,30,,
2021,I04,08030234_Baboon_NOSOUND.AVI,NA,None,None,J,J,1,None,None,None,NA,Day,30,,
2021,I04,08030224_Baboon_NOSOUND.AVI,NA,None,None,NA,NA,1,None,None,None,NA,Day,30,,
2021,I04,07250039_Baboon.AVI,Cheetah,Good,None,F,A,1,None,None,None,NA,Day,30,,
2021,I04,07250038_Baboon.AVI,Lion,Good,None,NA,NA,1,None,None,None,NA,Day,30,,
2021,I04,07250037_Baboon.AVI,Cheetah,Good,None,F,A,2,None,None,1,NA,Day,30,,
2021,I04,07170216_Baboon.AVI,Lion,Good,None,NA,NA,1,None,None,None,NA,Day,30,,
2021,I04,07260051_Baboon.AVI,Hyena,Good,None,F,A,1,None,None,None,NA,Day,30,,
2021,I04,07170215_Baboon.AVI,Leopard,Good,None,F,A,2,None,None,None,NA,Day,30,,
2021,I04,07140068_Baboon.AVI,Control,Good,None,M,A,2,None,None,None,NA,Day,30,,
2021,I04,07140067_Baboon.AVI,Cheetah,Good,None,F,A,1,None,None,None,NA,Day,30,,
2021,I04,07140065_Baboon.AVI,Lion,Good,None,J,J,1,None,None,None,NA,Day,30,,
2021,I04,07140064_Baboon.AVI,Cheetah,Good,None,NA,NA,1,None,None,None,NA,Day,30,,
2021,I04,07120048_Baboon.AVI,WD,Good,None,F,A,1,None,None,None,NA,Day,30,,
2021,I04,07120047_Baboon.AVI,WD,Good,None,J,J,1,None,None,None,NA,Day,30,,
2021,I04,07120046_Baboon.AVI,Hyena,Good,None,F,A,2,None,None,None,NA,Day,30,,
2021,I04,07120041_Baboon.AVI,Leopard,Good,None,F,A,1,None,None,None,NA,Day,30,,
2021,I04,07120039_Baboon.AVI,Control,Good,None,M,A,1,None,None,None,NA,Day,30,,
2021,I04,07120038_Baboon.AVI,Cheetah,Good,None,NA,NA,2,None,None,None,NA,Day,30,,
2021,I04,07110028_Baboon.AVI,Cheetah,Good,None,NA,NA,1,None,None,None,NA,Day,30,,
2021,I04,07110025_Baboon.AVI,WD,Good,None,F,A,1,None,None,None,NA,Day,30,,
2021,I04,07100020_Baboon.AVI,WD,Poor,None,F,A,2,None,None,1,NA,Day,30,,
2021,I04,07100019_Baboon.AVI,WD,Good,None,F,A,2,None,None,1,NA,Day,30,,
2021,I04,07100018_Baboon.AVI,WD,Good,None,M,A,1,None,None,None,NA,Day,30,,
2021,I04,07080011_Baboon.AVI,Leopard,Good,None,F,A,1,None,None,None,NA,Day,30,,
2021,I04,07080010_Baboon.AVI,Lion,Good,None,J,J,1,None,None,None,NA,Day,30,,
2021,I04,07080009_Baboon.AVI,Control,Good,None,F,A,1,None,None,None,NA,Day,30,,
2021,I04,07080008_Baboon.AVI,Cheetah,Good,None,M,A,2,None,None,None,NA,Day,30,,
2021,I04,07080007_Baboon.AVI,Leopard,Good,None,F,A,2,None,None,2,NA,Day,30,,
2021,I04,07080005_Baboon.AVI,Lion,Good,None,M,A,2,None,None,None,NA,Day,30,,
2021,I04,07080004_Baboon.AVI,Leopard,Good,None,M,A,1,None,None,None,NA,Day,30,,
2021,I08,06260008_Baboon.AVI,Hyena,Good,None,M,A,1,None,None,None,NA,Day,30,,
2021,I08,06260009_Baboon.AVI,Hyena,Good,None,J,J,2,None,None,None,NA,Day,30,,
2021,I08,06300032_Baboon.AVI,Hyena,Good,None,F,A,1,None,None,None,NA,Day,30,,
2021,I08,06300031_Baboon.AVI,Lion,Good,None,M,A,1,None,None,None,NA,Day,30,,
2021,I08,06300030_Baboon.AVI,Hyena,Good,15,F,A,3,None,None,None,NA,Day,30,,
2021,I08,06300029_Baboon_NOSOUND.AVI,NA,None,None,NA,NA,1,None,None,None,NA,Day,30,,
2021,I08,06300028_Baboon.AVI,WD,Good,None,F,A,2,None,None,None,NA,Day,30,,
2021,I08,06300027_Baboon.AVI,Leopard,Good,None,M,A,1,None,None,None,NA,Day,30,,
2021,I08,06300026_Baboon.AVI,Cheetah,Good,None,M,A,1,None,None,None,NA,Day,30,,
2021,I08,06270014_Baboon.AVI,Cheetah,Good,None,M,A,1,None,None,None,NA,Day,30,,
2021,I08,06270013_Baboon.AVI,Control,Good,None,M,A,1,None,None,None,NA,Day,30,,
2021,I08,06290009_Baboon.AVI,Lion,Good,None,J,J,2,None,None,None,NA,Day,30,,
2021,I08,06290008_Baboon.AVI,Hyena,Good,None,F,A,1,None,None,None,NA,Day,30,,
2021,I08,07060033_Baboon.AVI,Hyena,Good,None,NA,NA,1,None,None,None,NA,Day,30,,
2021,I08,07060032_Baboon.AVI,Lion,Good,None,J,J,1,None,None,None,NA,Day,30,,
2021,I08,07060031_Baboon.AVI,Hyena,Good,None,M,A,1,None,None,None,NA,Day,30,,
2021,I08,07060030_Baboon.AVI,Leopard,Good,1,M,A,5,None,None,None,NA,Day,30,,
2021,I08,07060029_Baboon.AVI,WD,Good,None,M,A,2,None,None,None,NA,Day,30,,
2021,I08,07040012_Baboon.AVI,Leopard,Good,None,J,J,1,None,None,None,NA,Day,30,,
2021,I08,07020006_Baboon.AVI,Lion,Good,None,J,J,1,None,None,None,NA,Day,30,,
2021,I08,07020005_Baboon.AVI,Leopard,Good,None,F,A,1,None,None,None,NA,Day,30,,
2021,I08,07020004_Baboon.AVI,Control,Good,None,F,A,1,None,None,None,NA,Day,30,,
2021,I08,07020003_Baboon.AVI,Control,Good,None,F,A,3,None,None,None,NA,Day,30,,
2021,I08,07020002_Baboon.AVI,Hyena,Good,None,M,A,1,None,None,None,NA,Day,30,,
2021,I08,07310040_Baboon.AVI,Cheetah,Good,None,J,J,1,None,None,None,NA,Day,30,,
2021,I08,07310039_Baboon.AVI,Leopard,Good,None,F,A,1,None,None,None,NA,Day,30,,
2021,I08,07310038_Baboon.AVI,Hyena,Good,None,M,A,1,None,None,None,NA,Day,30,,
2021,I08,07310034_Baboon.AVI,Leopard,Good,None,F,A,2,None,None,None,NA,Day,30,,
2021,I08,073100032_Baboon.AVI,Control,Good,None,J,J,1,None,None,None,NA,Day,30,,
2021,I08,073100031_Baboon.AVI,Hyena,Good,None,J,J,1,None,None,None,NA,Day,30,,
2021,I08,073100030_Baboon.AVI,Lion,Good,None,M,A,1,None,None,None,NA,Day,30,,
2021,I08,07290028_BaboonImpala.AVI,Lion,Good,None,M,A,1,None,None,None,Impala,Day,30,,
2021,I08,07280024_Baboon.AVI,Control,Good,None,F,A,2,None,None,None,NA,Day,30,,
2021,I08,07280023_Baboon.AVI,Lion,Good,None,F,A,1,None,None,None,NA,Day,30,,
2021,I08,07280022_Baboon.AVI,WD,Good,None,NA,NA,2,None,None,None,NA,Day,30,,
2021,I08,07250012_Baboon_NOSOUNd.AVI,Control,Good,None,J,J,1,None,None,None,NA,Day,30,,
2021,I08,07250011_Baboon.AVI,Leopard,Good,None,F,A,1,None,None,None,NA,Day,30,,
2021,I08,07240008_Baboon.AVI,Hyena,Good,None,F,A,1,None,None,None,NA,Day,30,,
2021,I08,08150037_Baboon.AVI,Hyena,Good,None,J,J,1,None,None,None,NA,Day,30,,
2021,I08,08150034_Baboon.AVI,Cheetah,Good,None,NA,NA,1,None,None,None,NA,Day,30,,
2021,I08,08150033_Baboon.AVI,Control,Good,None,J,J,1,None,None,None,NA,Day,30,,
2021,I08,08150032_Baboon.AVI,Control,Good,None,J,J,1,None,None,None,NA,Day,30,,
2021,I08,08150034_Baboon.AVI,Hyena,Good,None,J,J,1,None,None,None,NA,Day,30,,
2021,I08,08150031_Baboon.AVI,Hyena,Good,None,J,J,1,None,None,None,NA,Day,30,,
2021,I08,08120028_Baboon.AVI,Leopard,Good,None,M,A,1,None,None,None,NA,Day,30,,
2021,I08,08120027_Baboon.AVI,WD,Good,None,F,A,2,None,None,None,NA,Day,30,,
2021,I08,08090020_Baboon.AVI,Cheetah,Good,None,F,A,1,None,None,None,NA,Day,30,,
2021,I08,08090018_Baboon.AVI,Hyena,Good,None,M,A,1,None,None,None,NA,Day,30,,
2021,I08,07210031_Baboon.AVI,Cheetah,Good,None,M,A,1,None,None,None,NA,Day,30,,
2021,I08,07180023_Baboon.AVI,Control,Good,None,F,A,1,None,None,None,NA,Day,30,,
2021,I08,07130012_Baboon.AVI,Lion,Good,None,M,A,1,None,None,None,NA,Day,30,,
2021,I08,07110006_Baboon.AVI,WD,Good,None,F,A,1,None,None,None,NA,Day,30,,
2021,I08,07110005_Baboon.AVI,WD,Good,None,NA,NA,1,None,None,None,NA,Day,30,,
2021,I08,07110003_Baboon_NOSOUND.AVI,Control,Good,None,M,A,1,None,None,None,NA,Day,30,,
2021,I08,07300031_Baboon.AVI,Hyena,Good,None,F,A,1,None,None,None,NA,Day,30,,
2021,I08,07300032_Baboon.AVI,Control,Good,None,F,A,1,None,None,None,NA,Day,30,,
2021,F07,07210163_Baboon.AVI,Cheetah,Good,None,F,A,1,None,None,None,NA,Day,30,,
2021,F07,07180123_Baboon.AVI,Hyena,Good,None,F,A,2,None,None,None,NA,Day,30,,
2021,F07,07180119_Baboon.AVI,Hyena,Good,None,J,J,1,None,None,None,NA,Day,30,,
2021,F07,07140091_Baboon.AVI,WD,Good,None,J,J,1,None,None,None,NA,Day,30,,
2021,F07,07140084_Baboon.AVI,WD,Good,None,J,J,1,None,None,None,NA,Day,30,,
2021,F07,07140075_Baboon.AVI,Cheetah,Good,None,J,J,1,None,None,None,NA,Day,30,,
2021,F07,07130067_Baboon.AVI,Leopard,Good,None,M,A,1,None,None,None,NA,Day,30,,
2021,F07,07110047_Baboon.AVI,Leopard,Good,None,F,A,2,None,None,1,NA,Day,30,,
2021,F07,07110042_Baboon.AVI,Cheetah,Good,None,M,A,1,None,None,None,NA,Day,30,,
2021,F07,07110029_Baboon.AVI,WD,Good,None,NA,NA,1,None,None,None,NA,Day,30,,
2021,F07,07080019_Baboon.AVI,Lion,Good,None,F,A,1,None,None,None,NA,Day,30,,
2021,F07,07080008_Baboon.AVI,Hyena,Good,None,J,J,1,None,None,None,NA,Day,30,,
2021,F07,08160433_Baboon.AVI,Leopard,Good,None,F,A,4,None,None,1,NA,Day,30,,
2021,F07,08160424_Baboon.AVI,Cheetah,Good,None,F,A,1,None,None,None,NA,Day,30,,
2021,F07,08150419_Baboon.AVI,Leopard,Good,None,F,A,1,None,None,None,NA,Day,30,,
2021,F07,08150413_Baboon.AVI,Lion,Good,None,J,J,1,None,None,None,NA,Day,30,,
2021,F07,08150401_Baboon.AVI,WD,Good,None,F,A,1,None,None,None,NA,Day,30,,
2021,F07,08150396_Baboon.AVI,WD,Good,None,J,J,1,None,None,None,NA,Day,30,,
2021,F07,08140379_Baboon.AVI,Hyena,Good,None,F,A,1,None,None,None,NA,Day,30,,
2021,F07,08130372_Baboon.AVI,Lion,Good,None,F,A,1,None,None,None,NA,Day,30,,
2021,F07,08130361_Baboon.AVI,Lion,Good,None,F,A,1,None,None,None,NA,Day,30,,
2021,F07,08120336_Baboon.AVI,Control,Good,None,F,A,7,None,None,1,NA,Day,30,,
2021,F07,08100324_Baboon.AVI,Cheetah,Good,None,M,A,1,None,None,None,NA,Day,30,,
2021,F07,08100315_Baboon.AVI,Lion,Good,None,F,A,1,None,None,None,NA,Day,30,,
2021,F07,08090300_Baboon.AVI,Cheetah,Good,None,J,J,1,None,None,None,NA,Day,30,,
2021,F07,08090291_Baboon.AVI,Hyena,Good,None,M,A,1,None,None,None,NA,Day,30,,
2021,F07,08080279_Baboon.AVI,Hyena,Good,None,J,J,1,None,None,None,NA,Day,30,,
2021,F07,08070267_Baboon.AVI,Leopard,Good,None,M,A,3,None,None,None,NA,Day,30,,
2021,F07,08070262_Baboon.AVI,Cheetah,Good,None,M,A,1,None,None,None,NA,Day,30,,
2021,F07,08070258_Baboon.AVI,Lion,Good,None,J,J,1,None,None,None,NA,Day,30,,
2021,F07,08070253_Baboon.AVI,WD,Good,None,M,A,1,None,None,None,NA,Day,30,,
2021,F07,08070249_Baboon.AVI,Hyena,Good,None,J,J,2,None,None,None,NA,Day,30,,
2021,F07,08070244_Baboon.AVI,Hyena,Good,None,J,J,1,None,None,None,NA,Day,30,,
2021,F07,08060240_Baboon.AVI,Cheetah,Good,None,M,A,1,None,None,None,NA,Day,30,,
2021,F07,08050222_Baboon.AVI,WD,Good,None,F,A,1,None,None,None,NA,Day,30,,
2021,F07,08050217_Baboon.AVI,Lion,Good,None,M,A,1,None,None,None,NA,Day,30,,
2021,F07,08040211_Baboon.AVI,Lion,Good,None,J,J,1,None,None,None,NA,Day,30,,
2021,F07,08030204_Baboon.AVI,Control,Good,None,F,A,3,None,None,None,NA,Day,30,,
2021,F07,08030200_Baboon.AVI,Leopard,Good,None,F,A,1,None,None,None,NA,Day,30,,
2021,F07,08030191_Baboon.AVI,Cheetah,Good,None,F,A,1,None,None,None,NA,Day,30,,
2021,F07,08030179_Baboon.AVI,Cheetah,Good,None,J,J,2,None,None,None,NA,Day,30,,
2021,F07,08030174_Baboon.AVI,Cheetah,Good,None,F,A,3,None,None,None,NA,Day,30,,
2021,F07,08030170_Baboon.AVI,WD,Good,None,J,J,2,None,None,None,NA,Day,30,,
2021,F07,07310188_Baboon.AVI,Hyena,Good,None,J,J,1,None,None,None,NA,Day,30,,
2021,F07,07310184_Baboon.AVI,Hyena,Good,None,J,J,1,None,None,None,NA,Day,30,,
2021,F07,07300168_Baboon.AVI,Hyena,Good,None,M,A,1,None,None,None,NA,Day,30,,
2021,F07,07300161_Baboon.AVI,Leopard,Good,None,J,J,1,None,None,None,NA,Day,30,,
2021,F07,07300152_Baboon.AVI,WD,Good,None,F,A,1,None,None,None,NA,Day,30,,
2021,F07,07300148_Baboon.AVI,WD,Good,None,J,J,1,None,None,None,NA,Day,30,,
2021,F07,07300141_Baboon.AVI,Cheetah,Good,None,M,A,1,None,None,None,NA,Day,30,,
2021,F07,07280130_Baboon.AVI,Hyena,Good,None,J,J,2,None,None,None,NA,Day,30,,
2021,F07,07280126_Baboon.AVI,Hyena,Good,None,M,A,1,None,None,None,NA,Day,30,,
2021,F07,07280123_Baboon.AVI,Lion,Good,None,F,A,1,None,None,None,NA,Day,30,,
2021,F07,07280116_Baboon.AVI,Control,Good,None,M,A,1,None,None,None,NA,Day,30,,
2021,F07,07280108_Baboon.AVI,Leopard,Good,None,J,J,1,None,None,None,NA,Day,30,,
2021,F07,07270096_Baboon.AVI,Control,Good,None,F,A,1,None,None,None,NA,Day,30,,
2021,F07,07270091_Baboon.AVI,Hyena,Good,None,F,A,4,None,None,None,NA,Day,30,,
2021,F07,07270086_Baboon.AVI,Cheetah,Good,None,F,A,1,None,None,None,NA,Day,30,,
2021,F07,07260079_Baboon.AVI,Control,Good,None,F,A,1,None,None,None,NA,Day,30,,
2021,F07,07240068_Baboon.AVI,Hyena,Good,None,F,A,1,None,None,None,NA,Day,30,,
2021,F07,07230049_HartebeestBaboon.AVI,Leopard,Good,None,F,A,1,None,None,None,NA,Day,30,,
2021,F07,07230040_ImpalaBaboon.AVI,Control,Good,None,J,J,2,None,None,None,NA,Day,30,,
2021,F07,07230037_Baboon.AVI,WD,Good,None,F,A,1,None,None,None,NA,Day,30,,
2021,F07,07220024_Baboon.AVI,Hyena,Good,None,J,J,1,None,None,None,NA,Day,30,,
2021,F07,07220019_Baboon.AVI,Lion,Good,None,M,A,1,None,None,None,NA,Day,30,,
2021,F07,07220014_Baboon.AVI,Control,Good,None,M,A,1,None,None,None,NA,Day,30,,
2021,F07,07220010_Baboon.AVI,Control,Good,None,J,J,1,None,None,None,NA,Day,30,,
2021,F07,07220004_Baboon.AVI,Lion,Good,None,J,J,1,None,None,None,NA,Day,30,,
2021,F07,07060062_Baboon.AVI,WD,Good,None,M,A,1,None,None,None,NA,Day,30,,
2021,F07,07050050_Baboon.AVI,Lion,Good,None,J,J,1,None,None,None,NA,Day,30,,
2021,F07,07040040_Baboon.AVI,Hyena,Good,None,M,A,1,None,None,None,NA,Day,30,,
2021,F07,07010031_Baboon.AVI,WD,Good,None,M,A,1,None,None,None,NA,Day,30,,
2021,F07,07010025_Baboon.AVI,Cheetah,Good,None,M,A,1,None,None,None,NA,Day,30,,
2021,F07,07010021_Baboon.AVI,Control,Good,None,M,A,1,None,None,None,NA,Day,30,,
2021,F07,06290092_Baboon.AVI,WD,Good,None,J,J,1,None,None,None,NA,Day,30,,
2021,F07,06280086_Baboon.AVI,Control,Good,None,M,A,1,None,None,None,NA,Day,30,,
2021,F07,06260080_Baboon.AVI,Leopard,Good,None,F,A,1,None,None,None,NA,Day,30,,
2021,F07,06260075_Baboon.AVI,Cheetah,Good,None,F,A,1,None,None,None,NA,Day,30,,
2021,F07,06230050_Baboon.AVI,Leopard,Good,None,J,J,1,None,None,None,NA,Day,30,,
2021,F07,06230045_Baboon.AVI,Cheetah,Good,None,M,A,2,None,None,None,NA,Day,30,,
2021,F07,06230035_Baboon.AVI,Lion,Good,None,F,A,1,None,None,None,NA,Day,30,,
2021,F07,06220030_NyalaBaboon.AVI,WD,Good,None,J,J,1,None,None,None,NA,Day,30,,
2021,F07,06220025_Baboon.AVI,Lion,Good,None,M,A,1,None,None,None,NA,Day,30,,
2021,F07,06220020_Baboon.AVI,Leopard,Good,None,F,A,1,None,None,None,NA,Day,30,,
2021,F07,06300011_Baboon.AVI,Hyena,Good,None,M,A,1,None,None,None,NA,Day,30,,
2021,F07,06300007_Baboon.AVI,WD,Good,None,J,J,1,None,None,None,NA,Day,30,,
2021,F07,06300006_Baboon.AVI,WD,Good,None,M,A,3,None,None,None,NA,Day,30,,
2021,F07,06300004_Baboon.AVI,Lion,Good,None,J,J,2,None,None,None,NA,Day,30,,
2021,F07,06210016_Baboon.AVI,Leopard,Good,None,M,A,1,None,None,None,NA,Day,30,,
2021,F07,06210017_Baboon.AVI,WD,Good,None,F,A,1,None,None,None,NA,Day,30,,
2021,F07,06210018_Baboon.AVI,Hyena,Good,None,F,A,1,None,None,None,NA,Day,30,,
2021,F07,06220020_Baboon.AVI,Lion,Good,None,F,A,1,None,None,None,NA,Day,30,,
2021,F07,06220021_Baboon.AVI,Control,Good,None,M,A,1,None,None,None,NA,Day,30,,
2021,F07,06220022_Baboon.AVI,Leopard,Good,None,F,A,1,None,None,None,NA,Day,30,,
2021,F07,06220023_Baboon.AVI,NA,Poor,None,J,J,5,None,None,None,NA,Day,30,sound distorted and cut off,
2021,F07,06220024_Baboon.AVI,Cheetah,Good,None,M,A,3,None,None,None,NA,Day,30,,
2021,F07,06220025_Baboon.AVI,Lion,Good,None,M,A,1,None,None,None,NA,Day,30,,
2021,F07,06220026_Baboon.AVI,Hyena,Good,None,F,A,2,None,None,None,NA,Day,30,,
2021,F07,06220027_BaboonNyala.AVI,Cheetah,Poor,None,F,A,1,None,None,None,NA,Day,30,sound cut off,
2021,F07,06220029_Baboon.AVI,WD,Good,None,F,A,3,None,None,None,NA,Day,30,,